"EPISODE TITLE","PUBLISHED DATE","EPISODE DURATION","PODCAST TITLE","SPOTIFY AUDIENCE NETWORK OPT-IN","STREAMING AD INSERTION OPT-IN","TOTAL DELIVERY","DOWNLOADS","STREAMS"
"Perk And Shump BEEF Over LeBron To Golden State + Ja Morant’s NIKE-Fueled Portland REBIRTH!?","July 1, 2026","76:03","Road Trippin’ Show","Yes","Yes","9,256","6,189","3,067"
"Boogie Cousins CALLS OUT The Lakers For Doing LeBron DIRTY","July 14, 2026","58:18","Road Trippin’ Show","Yes","Yes","8,843","5,513","3,330"
"Can Anyone STOP LeBron & Philly? + That Time Pat Riley Took LeBron’s COOKIES","July 27, 2026","62:00","Road Trippin’ Show","Yes","Yes","8,143","4,629","3,514"
"Jaylen Brown’s Team USA SNUB, Hawks FAILED Trae Young & LeBron w/ Grant Hill","July 20, 2026","52:02","Road Trippin’ Show","Yes","Yes","7,361","4,478","2,883"
"NBA’s BIGGEST Offseason Moves: LeBron, Kawhi, The Warriors | Channing's Mailbag","July 10, 2026","29:19","Road Trippin’ Show","Yes","Yes","6,680","4,864","1,816"
"Dillon Brooks BREAKS DOWN The LeBron Meme, 3,000 Makes A Week & His NEW Villain Role","July 23, 2026","27:24","Road Trippin’ Show","Yes","Yes","5,631","3,714","1,917"
"GIRLS TRIPP! Ty Young: They Told Me to ""Just Play Basketball"" & How The W Finally Caught Up","July 2, 2026","69:20","Road Trippin’ Show","Yes","Yes","5,183","4,450","733"
"Channing Frye Reveals the Moment He Knew LeBron’s Brain Was DIFFERENT","July 24, 2026","19:29","Road Trippin’ Show","Yes","Yes","5,126","3,764","1,362"
"AJ Dybantsa on Teaming Up With AD & Trae + KD’s Advice & Wizards PLAYOFF Push","July 30, 2026","40:41","Road Trippin’ Show","Yes","Yes","5,009","3,312","1,697"
"GIRLS TRIPP! Caitlin Clark or Kelsey Mitchell? Cynthia Cooper's Challenge to the Fever + Her All-Star GM Draft","July 16, 2026","56:16","Road Trippin’ Show","Yes","Yes","4,883","4,008","875"
"""Y'all Was the BLACK Team"" - Perk on Ravens Legacy + Ray Lewis PRANK on Terrell Suggs as a Rookie","July 26, 2026","57:39","Road Trippin’ Show","Yes","Yes","4,509","3,501","1,008"
"Cynthia Cooper Wants Smoke With Maya Moore + Her Advice To Every Young Hooper","July 25, 2026","27:01","Road Trippin’ Show","Yes","Yes","3,625","3,163","462"
"Perk RESPONDS to Jaylen Brown, LeBron to GSW? & RJ's PSA to EVERY Member of 2016 Cavs","June 29, 2026","74:03","Road Trippin’ Show","Yes","Yes","2,883","1,687","1,196"
"Perk Crowns Ant & LaMelo The NBA’s BEST Backcourt","June 28, 2026","74:40","Road Trippin’ Show","Yes","Yes","1,040","814","226"
"Delly Looks Like A WWE Wrestler Now - Channing's Mailbag","June 26, 2026","22:21","Road Trippin’ Show","Yes","Yes","738","492","246"
"LaMelo Ball TRADED To The Timberwolves, Giannis Traded To The Heat + 2016 Cavs Trip Recap","June 25, 2026","78:06","Road Trippin’ Show","Yes","Yes","607","273","334"
"We Have A CHAMPION! Is Brunson TOP 5 + Spurs Next Move Feat. Robert Horry & Tracy Morgan","June 15, 2026","89:30","Road Trippin’ Show","Yes","Yes","602","528","74"
"93. RJ feat. Luke Walton","December 31, 2018","66:11","Road Trippin’ Show","Yes","Yes","335","326","9"
"Perk's Darryn Peterson KOBE Comp Gets SHUT DOWN + Jaylen Brown TALKED Himself Out Of Boston","June 22, 2026","79:12","Road Trippin’ Show","Yes","Yes","312","240","72"
"GIRLS TRIPP! Cynthia Cooper Wants JuJu in Houston! + Her VHS Draft Story!?","June 25, 2026","85:43","Road Trippin’ Show","Yes","Yes","297","230","67"
"Perk SHREDS Rich Paul's Jordan Take, Brunson LOCKED In & Kawhi OVER Pippen","June 1, 2026","55:41","Road Trippin’ Show","Yes","Yes","167","153","14"
"Jayson Tatum Is BACK! SGA Calls GAME and Ties WILT! & The Knicks go 0-2 In LA","March 10, 2026","76:17","Road Trippin’ Show","Yes","Yes","150","149","1"
"INSANE Game 7s! Breaking Down Celtics COLLAPSE, Jaylen Brown's CRASH OUT, Cavs and Pistons ADVANCE!","May 4, 2026","99:59","Road Trippin’ Show","Yes","Yes","144","128","16"
"Knicks vs Spurs NBA Finals SPECIAL w/ Malika Andrews, James Jones & Will Reeve","June 5, 2026","52:53","Road Trippin’ Show","Yes","Yes","117","92","25"
"French Montana & Max B Want A Brunson STATUE + Perk GOES OFF On AWFUL ""Participation Trophy"" Take","June 17, 2026","70:07","Road Trippin’ Show","Yes","Yes","112","83","29"
"Giannis AFRAID of TRADE, NO Team Wants RUSS & Is Cooper Flagg Larry Bird?","October 8, 2025","60:58","Road Trippin’ Show","Yes","Yes","101","99","2"
"GIRLS TRIPP! This No. 1 Pick Made ONLY $40K & Kelsey Plum Is The BEST Guard In The Game!","June 18, 2026","68:44","Road Trippin’ Show","Yes","Yes","96","46","50"
"Biggest Comeback In Finals HISTORY! OG's Game-Winner & Finals MVP Race Heats Up","June 12, 2026","85:45","Road Trippin’ Show","Yes","Yes","96","49","47"
"29.  Let the ECF begin!","May 26, 2017","58:01","Road Trippin’ Show","Yes","Yes","95","88","7"
"118: CC Sabathia joins RT in Quarantine","April 9, 2020","58:25","Road Trippin’ Show","Yes","Yes","89","89","0"
"133: Stan Van Gundy, Former NBA Head Coach","October 7, 2020","44:41","Road Trippin’ Show","Yes","Yes","86","84","2"
"212: NBA's Most Wanted Jerseys + NFT $$ w/Sean Kelly","September 21, 2022","59:26","Road Trippin’ Show","Yes","Yes","78","78","0"
"SGA Top 50 ALL-TIME?! Cooper Flagg OVERHYPED?? & NBA Grind BREAKING Players!","June 24, 2025","68:52","Road Trippin’ Show","Yes","Yes","76","75","1"
"Perk WALKS BACK Luka-Embiid Comparison + Declares Wemby BEST IN THE NBA","May 15, 2026","83:45","Road Trippin’ Show","Yes","Yes","75","55","20"
"Spurs STEAL Game 3! Knicks vs Wemby With The NBA FINALS On The LINE","June 9, 2026","56:09","Road Trippin’ Show","Yes","Yes","75","56","19"
"QUIT School for NBA? John Wall RETIRES, Kyrie the FARMER & Giannis SLAPS Teammate!","August 20, 2025","72:47","Road Trippin’ Show","Yes","Yes","71","70","1"
"1. Richard, Channing & Allie feat. Kyrie Irving","January 17, 2017","65:18","Road Trippin’ Show","Yes","Yes","71","19","52"
"Knicks vs Spurs NBA Finals PREVIEW w/ James Worthy, Robert Horry & DeAndre Jordan","June 3, 2026","58:52","Road Trippin’ Show","Yes","Yes","68","46","22"
"141: Joe Johnson","January 18, 2021","53:42","Road Trippin’ Show","Yes","Yes","67","66","1"
"Will the Heat TRADE Jimmy Butler? | Are the Cavs and OKC Legit?","January 9, 2025","56:47","Road Trippin’ Show","Yes","Yes","58","57","1"
"146: Danny Green, 3X NBA Champ + Spur Stories on Coach Pop","March 1, 2021","36:34","Road Trippin’ Show","Yes","Yes","54","54","0"
"18.  Tim Duncan ... Who would have thought?","March 27, 2017","43:15","Road Trippin’ Show","Yes","Yes","54","10","44"
"Tony Allen ARREST BS, Lakers DOMINATE, Wemby EXPOSED & Cavs FRAUDS","November 7, 2025","58:14","Road Trippin’ Show","Yes","Yes","53","52","1"
"243: 2023 NBA Playoff Preview! Who Wins It All?","April 13, 2023","29:04","Road Trippin’ Show","Yes","Yes","51","51","0"
"214: The Brooklyn Blowup","October 4, 2022","67:18","Road Trippin’ Show","Yes","Yes","49","49","0"
"Cavs EPIC Meltdown & Wemby's LEGENDARY Performance RUINS SGA's MVP Celebration","May 20, 2026","77:40","Road Trippin’ Show","Yes","Yes","48","31","17"
"We Have A Game 7! Wemby vs SGA For A Trip To The Finals! Road Trippin' In The Morning","May 29, 2026","65:41","Road Trippin’ Show","Yes","Yes","47","24","23"
"113. De'Aaron & Doug feat. Harrison Barnes & Corey Brewer","May 6, 2019","59:03","Road Trippin’ Show","Yes","Yes","45","41","4"
"""Go Back To Cleveland"" - Channing's LeBron Final Year Plan","May 22, 2026","25:25","Road Trippin’ Show","Yes","Yes","43","26","17"
"Channing Says TRADE Donovan Mitchell & Perk's AAU Incident EXPLAINED!","May 27, 2026","77:35","Road Trippin’ Show","Yes","Yes","42","16","26"
"THANKSGIVING SPECIAL: Perk's SECRET Turkey, RJ's HONEY-BAKED Ham & Channing's DIABETES Potatoes","November 27, 2025","35:39","Road Trippin’ Show","Yes","Yes","40","36","4"
"GIRLS TRIPP! Candace Parker OPENS UP About Championships, Motherhood & The Hall of Fame","May 28, 2026","91:26","Road Trippin’ Show","Yes","Yes","38","25","13"
"171: Boban Marjanović","December 15, 2021","40:35","Road Trippin’ Show","Yes","Yes","38","38","0"
"Luka & LeBron COMBINE for 70! Cade's Collapsed Lung & All-NBA CHAOS","March 19, 2026","63:33","Road Trippin’ Show","Yes","Yes","37","36","1"
"Perk Unplugged: Kmart SONS Producer! Perk ATTACKS Acho & Brown FORCED Tatum BACK!","March 22, 2026","71:25","Road Trippin’ Show","Yes","Yes","37","37","0"
"Do The Lakers Need a MAKEOVER? + Channing ROASTS Duren: ‘You’ve Been A SHART!’","May 12, 2026","60:39","Road Trippin’ Show","Yes","Yes","37","19","18"
"Comedian Gary Owen on Diddy Parties, Fixing NBA All-Star Game & Getting REJECTED by John Stockton","August 7, 2025","53:35","Road Trippin’ Show","Yes","Yes","36","31","5"
"GIRLS TRIPP! Skylar Diggins DRAMA, Cynthia Cooper on GREATNESS & Olivia Miles' PERFECT Fit","June 11, 2026","88:15","Road Trippin’ Show","Yes","Yes","36","26","10"
"219: Kyrie Apologizes | Zach Lowe on Draymond","November 5, 2022","79:04","Road Trippin’ Show","Yes","Yes","36","36","0"
"Perk Declares Lakers COOKED + J-Kidd Calls In LIVE for Cooper Flagg’s ROTY Case","April 10, 2026","78:48","Road Trippin’ Show","Yes","Yes","36","31","5"
"RJ & Channing CAN'T AGREE On Anything: SGA MVP, Ant's Handshake & The Randle Problem","May 18, 2026","65:31","Road Trippin’ Show","Yes","Yes","36","18","18"
"GIRLS TRIPP! Swin Cash on PAYING OGs + Fever Sideline DRAMA & Chicago's GHASTLY Trades!","June 5, 2026","35:01","Road Trippin’ Show","Yes","Yes","35","21","14"
"143: Kevin Love Completes The Triangle","February 1, 2021","42:24","Road Trippin’ Show","Yes","Yes","33","32","1"
"15.  LeBron James, JR Smith & The Originals ""2nd half""","March 17, 2017","58:55","Road Trippin’ Show","Yes","Yes","33","20","13"
"3.  Richard, Channing & Allie feat. LeBron James & Kyrie Irving","February 2, 2017","55:36","Road Trippin’ Show","Yes","Yes","33","11","22"
"156: Richaun Holmes Says Mom Knows Best","May 17, 2021","44:17","Road Trippin’ Show","Yes","Yes","32","32","0"
"Shaq TORCHES Rudy Gobert (AGAIN!), Kerr’s Kuminga Problem + HOF News for Channing!?","July 25, 2025","64:20","Road Trippin’ Show","Yes","Yes","29","27","2"
"Rockets Playing FREE Without KD, RJ GOES OFF on Perk & Cavs Have NO Urgency","April 30, 2026","72:09","Road Trippin’ Show","Yes","Yes","28","20","8"
"Luka RETURNS! Draymond DEFINES This Era & PERK COOKS Paolo!","April 16, 2026","94:32","Road Trippin’ Show","Yes","Yes","28","16","12"
"GIRLS TRIPP! Caitlin Clark Is Cooper’s MVP! A’ja GOAT Chase & Ruocco REVEALS “You Bet” Origin","May 21, 2026","91:59","Road Trippin’ Show","Yes","Yes","27","19","8"
"147: Elena Delle Donne & International Women In Sports Day","March 8, 2021","58:45","Road Trippin’ Show","Yes","Yes","26","26","0"
"Things Got WEIRD in Milwaukee, Perk QUESTONS Ja's Future + HOU vs LAL: KD's Legacy on the Line?","April 13, 2026","86:26","Road Trippin’ Show","Yes","Yes","25","17","8"
"Tatum RETURNS...Too Soon? RJ's Spurs WARNING! & Draymond's ""UNACCEPTABLE!""","March 6, 2026","67:34","Road Trippin’ Show","Yes","Yes","25","20","5"
"ROUND 2! RT Reacts To Wolves STUNNING Spurs in Game 1, Pistons, Knicks, and OKC Still Rolling","May 6, 2026","66:25","Road Trippin’ Show","Yes","Yes","25","13","12"
"232: Aren't You Embarrassed?","January 26, 2023","56:49","Road Trippin’ Show","Yes","Yes","25","25","0"
"210: Knicks' Sticker Shock on Spida | Gil on Giannis","September 1, 2022","50:23","Road Trippin’ Show","Yes","Yes","25","25","0"
"169: Road Trippin' Trolls & The Start of the NBA Season","November 2, 2021","45:51","Road Trippin’ Show","Yes","Yes","25","25","0"
"12.  LeBron James...Uninterrupted","March 6, 2017","73:46","Road Trippin’ Show","Yes","Yes","25","11","14"
"Draymond EXPLODES on Kerr, Brooks vs LeBron: NBA's Best Beef? + KD Skips Showers!","December 24, 2025","51:40","Road Trippin’ Show","Yes","Yes","24","21","3"
"NBA FIGHT NIGHT! Harden TRANSFORMS Cavs & Tatum RETURNS?!","February 10, 2026","65:54","Road Trippin’ Show","Yes","Yes","24","19","5"
"Perk Unplugged: Wemby LOOKS Like AI! Danuel House Jr. DONE? & Killa Kyleon TI vs. 50 DEBATE","March 15, 2026","78:46","Road Trippin’ Show","Yes","Yes","24","23","1"
"301: Road Trippin' Best Moments of 2023","December 20, 2023","56:39","Road Trippin’ Show","Yes","Yes","24","24","0"
"273: 76ers Exec Jameer Nelson On His New Role, Dwight vs. Wemby & Underappreciated Players","August 24, 2023","57:04","Road Trippin’ Show","Yes","Yes","24","24","0"
"162: Road Trippin', NOT the Milwaukee Bucks LIVE","July 26, 2021","51:12","Road Trippin’ Show","Yes","Yes","24","24","0"
"119: Catching Up with JR Smith","May 8, 2020","44:45","Road Trippin’ Show","Yes","Yes","24","24","0"
"110. RJ, Channing & Allie feat. Gilbert Arenas & Nick Young","April 8, 2019","53:06","Road Trippin’ Show","Yes","Yes","24","6","18"
"196: Conference Finals Breakdown | NBA Fails Joel Embiid","May 26, 2022","59:59","Road Trippin’ Show","Yes","Yes","23","22","1"
"Mark Cuban FIRES BACK at Pablo Torre’s ‘Smoking Gun’: “It’s Exactly What Scammers Do”","September 11, 2025","58:07","Road Trippin’ Show","Yes","Yes","22","19","3"
"Breaking Down the BEEF with Charles Barkley, Tom Thibodeau and MORE!","March 13, 2025","71:49","Road Trippin’ Show","Yes","Yes","22","22","0"
"Rockets IMPLODE, LeBron MAGIC in GM2, Wolves TARGET Jokic & Murray","April 22, 2026","66:37","Road Trippin’ Show","Yes","Yes","22","18","4"
"Paolo's Parents HATE Perk?! LeBron's Last Run & Jokic CRACKING in G6","April 28, 2026","65:49","Road Trippin’ Show","Yes","Yes","22","8","14"
"Perk & Killa Make ROTY, COTY, MVP Picks, Talk Beefs, & Breakdown VC + TMac vs PG and DeMar","April 12, 2026","94:19","Road Trippin’ Show","Yes","Yes","22","20","2"
"What's Up With Jaden Ivey? Wemby And SGA Going BAND FOR BAND! & March MADNESS Update","March 31, 2026","80:25","Road Trippin’ Show","Yes","Yes","22","17","5"
"304: Doc Rivers Replaces Adrian Griffin | Joel Embiid Drops 70","January 25, 2024","57:14","Road Trippin’ Show","Yes","Yes","21","21","0"
"Ja OUT in 2 Years! Steph Got CHIPOTLE & LeBron Going HOME!","February 6, 2026","62:28","Road Trippin’ Show","Yes","Yes","20","15","5"
"Could a De'Aaron Fox Trade to the Nuggets Happen?","December 24, 2024","64:51","Road Trippin’ Show","Yes","Yes","20","19","1"
"136: Dwyane Wade (Part 1) on The Cube, Life in Retirement, Jimmy Butler & More","November 24, 2020","44:13","Road Trippin’ Show","Yes","Yes","20","17","3"
"4.  Richard, Channing & Allie feat. Kevin Love Pt. 1","February 8, 2017","32:32","Road Trippin’ Show","Yes","Yes","20","9","11"
"RJ & Perk CLASH Over Spurs: Experience OVERRATED?? + HEATED Harden vs Wade Debate","April 2, 2026","77:35","Road Trippin’ Show","Yes","Yes","19","14","5"
"Austin Reaves IS an ALL-STAR, RJ Backs Jordan's Load Management & Giannis Travel Debate","October 30, 2025","63:52","Road Trippin’ Show","Yes","Yes","19","14","5"
"Game of the Week! Spurs vs. Mavs | Postgame Reaction","October 25, 2024","28:54","Road Trippin’ Show","Yes","Yes","19","19","0"
"302: Wembanyama and The Knicks are FOR REAL w/ Kendrick Perkins","January 12, 2024","64:02","Road Trippin’ Show","Yes","Yes","19","19","0"
"Perk TORCHES KD, Udoka & Selfish Rockets + How Far Will LeBron’s Lakers Go?","April 26, 2026","54:35","Road Trippin’ Show","Yes","Yes","19","10","9"
"114. RJ, Channing & Allie feat. Jared Dudley","October 15, 2019","61:28","Road Trippin’ Show","Yes","Yes","19","18","1"
"Draymond vs K-Mart BEEF, Simmons APOLOGIZES to Perk & Chris Paul RETIRES!","November 26, 2025","44:51","Road Trippin’ Show","Yes","Yes","18","11","7"
"Bam’s Record DEBATE, Houston Going HOME & Dejounte DISRESPECTS NBA","March 12, 2026","75:53","Road Trippin’ Show","Yes","Yes","18","9","9"
"Perk RESPONDS to Ja Morant, The LaMelo Ball Problem & Wemby Already Top 3?","October 29, 2025","57:58","Road Trippin’ Show","Yes","Yes","18","17","1"
"Kawhi INNOCENT in $28M Clippers Scandal? + RJ DEMOLISHES Barkley’s LeBron Take (‘F*** HIM’)","September 4, 2025","54:24","Road Trippin’ Show","Yes","Yes","18","16","2"
"Bronny vs Flagg, JJ Redick vs Ayton, Beal’s Buyout + Kevin Love & Perk’s NIGHTMARE Trade Stories","July 9, 2025","59:36","Road Trippin’ Show","Yes","Yes","18","17","1"
"Perk Unplugged: Perk DEFENDS Stephen A. After Cam Newton Brought the OPPS & Tiger Woods’ DUI","March 29, 2026","69:46","Road Trippin’ Show","Yes","Yes","18","15","3"
"38.  Los Angeles Lakers Rookie: Josh Hart","July 31, 2017","62:10","Road Trippin’ Show","Yes","Yes","18","13","5"
"KD Watches OKC Get Their Rings, Stephen A & Russ vs LeBron | NBA Opening Night DRAMA","October 21, 2025","44:21","Road Trippin’ Show","Yes","Yes","17","16","1"
"NBA Gambling CRISIS: Arenas ARRESTED, Beasley EVICTED, MPJ’s “STUPID” TAKE + Perk DESTROYS Stephen A","August 13, 2025","68:37","Road Trippin’ Show","Yes","Yes","17","16","1"
"Has Embiid LOST His Love for the Game? + KD & LeBron WRONG About Small Guards! | PERK UNPLUGGED","August 5, 2025","53:13","Road Trippin’ Show","Yes","Yes","17","15","2"
"Chase Budinger on His Journey From the NBA to Beach Volleyball Olympian with Teammate Miles Evans","July 24, 2024","41:23","Road Trippin’ Show","Yes","Yes","17","17","0"
"195: Warriors vs Mavericks | Kyrie's Burden","May 20, 2022","35:31","Road Trippin’ Show","Yes","Yes","17","16","1"
"7.   Richard, Channing & Allie feat. Kyrie Irving","February 16, 2017","50:13","Road Trippin’ Show","Yes","Yes","17","4","13"
"Jimmy Butler DONE, Ant Edwards ROBBED & Knicks Chemistry CRISIS!? (LIVE)","January 20, 2026","69:42","Road Trippin’ Show","Yes","Yes","16","12","4"
"Channing CLAPS BACK at Pablo Torre & Reddit Haters + RJ QUESTIONS Brady Cheating as Owner","September 17, 2025","58:59","Road Trippin’ Show","Yes","Yes","16","15","1"
"Is Draymond STILL Mad?? Phoenix Suns Lawsuit EXPOSED & Perk REVEALS Rondo’s Secret NFL Skills!","August 29, 2025","66:22","Road Trippin’ Show","Yes","Yes","16","15","1"
"Perk Unplugged: Marcus Smart Lakers' Missing Piece? Draymond vs. Kenyon Martin & STOP the Kobe Disrespect","July 20, 2025","25:33","Road Trippin’ Show","Yes","Yes","16","15","1"
"Perk Unplugged: Orlando Paid WAY TOO MUCH For Desmond Bane + KD’s Best Landing Spot","June 16, 2025","29:52","Road Trippin’ Show","Yes","Yes","16","15","1"
"Game Of The Week! Lakers vs. Spurs | Live Reaction","November 16, 2024","23:08","Road Trippin’ Show","Yes","Yes","16","16","0"
"TEAM USA WINS GOLD!!! Our USA vs. France Men's Basketball Live Postgame Reaction","August 11, 2024","42:55","Road Trippin’ Show","Yes","Yes","16","14","2"
"311: Vintage Kyrie | Playoff Push Begins","March 21, 2024","55:31","Road Trippin’ Show","Yes","Yes","16","16","0"
"295: LeBron Stays Reminding Folks | NBA Rookie Class Is DEEP","November 21, 2023","33:05","Road Trippin’ Show","Yes","Yes","16","14","2"
"78. Charles Barkley","April 26, 2018","89:04","Road Trippin’ Show","Yes","Yes","16","4","12"
"Channing Mailbag: Mobley Has The YIPS! Clingan is KING & Moon Landing CONSPIRACY","March 27, 2026","18:27","Road Trippin’ Show","Yes","Yes","16","11","5"
"Luka MVP FRAUD? Ayton Getting BENCHED, Giannis WASTING Prime & Paolo Magic's PROBLEM","January 27, 2026","61:50","Road Trippin’ Show","Yes","Yes","15","11","4"
"LeBron on Kyrie's BROKEN Trust & His TOUGHEST Title (REPLAY)","January 1, 2026","30:05","Road Trippin’ Show","Yes","Yes","15","6","9"
"Perk Unplugged: KD to HOUSTON, Caitlin Clark’s UNFAIR Power & Why Dwayne Wade is WRONG","June 22, 2025","27:32","Road Trippin’ Show","Yes","Yes","15","12","3"
"KD NO SHOW In Game 1,  Magic Get The UPSET Can Anyone Slow Down Jokic and SGA? + Wemby MAKES HISTORY","April 20, 2026","87:43","Road Trippin’ Show","Yes","Yes","15","8","7"
"309: Does Victor Wembanyama DESERVE Defensive Player of the Year?","March 7, 2024","61:44","Road Trippin’ Show","Yes","Yes","15","15","0"
"258: Heat 3-1 Comeback?! | NBA Offseason Storylines","June 12, 2023","52:33","Road Trippin’ Show","Yes","Yes","15","15","0"
"61. LeBron James & Dwyane Wade","December 11, 2017","85:60","Road Trippin’ Show","Yes","Yes","15","9","6"
"6.   Richard, Channing & Allie feat. Tristan Thompson","February 13, 2017","35:29","Road Trippin’ Show","Yes","Yes","15","1","14"
"2.  Richard, Channing & Allie","January 24, 2017","49:27","Road Trippin’ Show","Yes","Yes","15","1","14"
"Jaylen MVP! KD BLASTS AAU! Ant SLAMS Memphis! & MVP Rules BROKEN!","February 24, 2026","69:49","Road Trippin’ Show","Yes","Yes","15","10","5"
"Ayton's Career COOKED! Jeanie TURNS on LeBron & Perk DEFENDS Kuminga!","January 23, 2026","76:46","Road Trippin’ Show","Yes","Yes","14","11","3"
"Schröder vs Luka BEEF, AD DONE in Dallas & Lakers Trade HEAT (LIVE)","January 13, 2026","82:06","Road Trippin’ Show","Yes","Yes","14","10","4"
"Jaylen Brown Is MVP, Trae Young DEMANDS Trade & American Basketball is 'SH*T!'","January 7, 2026","67:31","Road Trippin’ Show","Yes","Yes","14","9","5"
"Billups ARRESTED, Perk Almost FOUGHT SHAQ & Wemby DOMINATES!","October 23, 2025","64:15","Road Trippin’ Show","Yes","Yes","14","12","2"
"Perk Unplugged: Skinny Luka for MVP, Pelicans Got Next Jokić?! & Ravens Winning Super Bowl!","July 29, 2025","27:01","Road Trippin’ Show","Yes","Yes","14","12","2"
"TEAM USA'S COMEBACK VS SERBIA!!! | Olympic Semifinal Postgame LIVE REACTION!","August 8, 2024","29:32","Road Trippin’ Show","Yes","Yes","14","14","0"
"240: Megapod feat. Kendrick Perkins & Seimone Augustus","March 31, 2023","93:44","Road Trippin’ Show","Yes","Yes","14","14","0"
"222: Candace Parker","November 21, 2022","45:56","Road Trippin’ Show","Yes","Yes","14","14","0"
"209: Durant Staying | LeBron Keeps Playing","August 24, 2022","55:00","Road Trippin’ Show","Yes","Yes","14","14","0"
"9. Overtime with Allie, Richard and Channing feat. Kyle Korver Pt. 1","February 22, 2017","40:52","Road Trippin’ Show","Yes","Yes","14","2","12"
"5.   Richard, Channing & Allie feat. Kevin Love Pt. 2","February 9, 2017","25:27","Road Trippin’ Show","Yes","Yes","14","3","11"
"What REALLY Happened Between Luka & Goga? Perk REVEALS KG Secrets & Predicts Spurs CHIP","March 24, 2026","85:19","Road Trippin’ Show","Yes","Yes","14","10","4"
"Magic City CROSSES LINE! Paolo Getting Coach FIRED! & Peterson QUIT on Kansas!","March 3, 2026","66:39","Road Trippin’ Show","Yes","Yes","14","8","6"
"Perk Unplugged: LeBron ENRAGES Black Memphis, Pooh Shiesty ROBS Gucci Mane & Perk DEFENDS Jaden Ivey","April 5, 2026","59:10","Road Trippin’ Show","Yes","Yes","13","12","1"
"Jokic Bench PROBLEM, Knicks WASTING KAT, Pistons WANT AD & LeBron RETURNS","November 21, 2025","66:01","Road Trippin’ Show","Yes","Yes","13","9","4"
"Summer League Reunion: Lakers Want LeBron GONE, Giannis Staying PUT & Ant Ready to Bolt?","July 16, 2025","50:51","Road Trippin’ Show","Yes","Yes","13","12","1"
"Summer League Special: LeBron to Cleveland?! Why Team USA WON’T Win GOLD & Bronny vs Flagg Breakdown","July 14, 2025","65:54","Road Trippin’ Show","Yes","Yes","13","12","1"
"Free Agency WINNERS & LOSERS (Cap CRISIS)! LeBron's BS MOVE & Why KD is WRONG!","July 2, 2025","63:19","Road Trippin’ Show","Yes","Yes","13","11","2"
"Tyrese Haliburton is CLUTCH! | Warriors Win After Steph Injury","May 7, 2025","70:39","Road Trippin’ Show","Yes","Yes","13","13","0"
"LeBron James CLAPS BACK At Stephen A. Smith!","March 28, 2025","52:26","Road Trippin’ Show","Yes","Yes","13","13","0"
"Are These NBA Stars Being Traded At The Deadline?","January 29, 2025","54:57","Road Trippin’ Show","Yes","Yes","13","12","1"
"Pat Riley Doesn't Want To TRADE Jimmy Butler to Phoenix","January 23, 2025","45:21","Road Trippin’ Show","Yes","Yes","13","12","1"
"Giannis and the Bucks WIN The NBA Cup!","December 19, 2024","54:56","Road Trippin’ Show","Yes","Yes","13","12","1"
"The Bucks Are A MESS! | Chet Holmgren's Injury","November 12, 2024","51:51","Road Trippin’ Show","Yes","Yes","13","13","0"
"317: A Tribute To Bill Walton","May 29, 2024","44:11","Road Trippin’ Show","Yes","Yes","13","13","0"
"Perk Unplugged: Killa Kyleon TORCHES KD, ROASTS CJ Stroud & DECLARES Houston Rap DEAD!","March 1, 2026","78:48","Road Trippin’ Show","Yes","Yes","13","12","1"
"Ayton NOT Beyoncé! Perk ATTACKS Kyrie & RJ’s MVP SURPRISE!","February 27, 2026","57:37","Road Trippin’ Show","Yes","Yes","13","9","4"
"200: Shannon Sharpe Is Lying | Kyrie Could Join Lakers","June 23, 2022","57:54","Road Trippin’ Show","Yes","Yes","13","12","1"
"DON’T TOUCH the NBA DRAFT! Cade OVER Luka & SHUT Steph DOWN!","February 20, 2026","56:41","Road Trippin’ Show","Yes","Yes","12","8","4"
"OKC Going 80-2, NBA's UNWRITTEN N-Word Rules & Why Athletes Go BROKE","December 10, 2025","67:31","Road Trippin’ Show","Yes","Yes","12","9","3"
"Zion ‘F*CKED’ the Pelicans, Trae Trade INCOMING & Cade is NBA’s FUTURE","November 18, 2025","59:05","Road Trippin’ Show","Yes","Yes","12","10","2"
"Perk & RJ DISMANTLE Daryl Morey’s Lakers 2020 ‘Fake Ring’ Claims + Marcus Morris Arrest EXPLAINED","July 31, 2025","65:51","Road Trippin’ Show","Yes","Yes","12","11","1"
"Shai Wins MVP! Can Any American End the Drought? & Inside OKC’s Elite Defense","May 22, 2025","57:46","Road Trippin’ Show","Yes","Yes","12","12","0"
"Jayson Tatum's Injury DEFLATED Every NBA Fan","May 14, 2025","76:47","Road Trippin’ Show","Yes","Yes","12","12","0"
"LeBron and Luka vs. The TWolves, Playoff Jimmy Butler and Nuggets Getting SWEPT?!","April 16, 2025","63:53","Road Trippin’ Show","Yes","Yes","12","12","0"
"Game Of The Week! Cavs vs. Celtics | Live Reaction","November 20, 2024","47:43","Road Trippin’ Show","Yes","Yes","12","12","0"
"314: Timberwolves Dominate Nuggets | Jalen Brunson Keeps Balling","May 8, 2024","53:22","Road Trippin’ Show","Yes","Yes","12","12","0"
"292: Lakers Relying Too Much on LeBron? | High School NIL Deals?","November 9, 2023","27:18","Road Trippin’ Show","Yes","Yes","12","12","0"
"225: Luke Walton","December 9, 2022","44:36","Road Trippin’ Show","Yes","Yes","12","12","0"
"Channing's Mailbag: LeBron vs Nash as Passer, Vince vs DeMar & Why 60's Moon Landing FAKE","April 9, 2026","28:18","Road Trippin’ Show","Yes","Yes","12","7","5"
"Who Is SAFE In NBA Expansion? How The Lakers LOCKED DOWN Houston, And Hawks STAY HOT!","March 17, 2026","68:56","Road Trippin’ Show","Yes","Yes","12","11","1"
"23.  Up 2-0 ...#CavsPacers","April 24, 2017","62:42","Road Trippin’ Show","Yes","Yes","12","6","6"
"20.  The launch to find Owen Wilson & our 1st EVER LIVE Pod ...","April 13, 2017","24:57","Road Trippin’ Show","Yes","Yes","12","4","8"
"Portland SKIMPS on Splitter, Jokić Isn’t RELATABLE & Avdija’s TRUE Ceiling","April 24, 2026","25:53","Road Trippin’ Show","Yes","Yes","11","7","4"
"Channing Mailbag: 47 Threes IN A ROW, Bam's 83 POINTS & NBA Wine Rankings","March 13, 2026","17:29","Road Trippin’ Show","Yes","Yes","11","9","2"
"Perk Unplugged: Bill Simmons… STOP Gatekeeping NBA Media! & NBPA: Investigate Ace Bailey NOW!","June 27, 2025","25:58","Road Trippin’ Show","Yes","Yes","11","10","1"
"NBA Finals Game 2 Preview with Nkwain Kennedy!","June 8, 2025","44:45","Road Trippin’ Show","Yes","Yes","11","11","0"
"Celtics FINALS LOCK! KD’s Milestone IGNORED & Channing WRONG On Hawks","March 26, 2026","68:21","Road Trippin’ Show","Yes","Yes","11","9","2"
"JJ Redick Has The Lakers Ready To Go To WAR!","February 27, 2025","49:51","Road Trippin’ Show","Yes","Yes","11","11","0"
"Would a 1v1 Tournament SAVE the All-Star Game?","February 19, 2025","63:01","Road Trippin’ Show","Yes","Yes","11","11","0"
"Pistons Are FUN! | Is Shai Already MVP?","January 16, 2025","66:10","Road Trippin’ Show","Yes","Yes","11","10","1"
"Is Jokic the MVP Favorite or Can Steph and AD Challenge Him?","November 26, 2024","61:10","Road Trippin’ Show","Yes","Yes","11","11","0"
"Will Victor Wembanyama Win MULTIPLE Awards In 2024?","October 9, 2024","41:09","Road Trippin’ Show","Yes","Yes","11","11","0"
"312: Latest Draymond Antics | Arizona Wildcats Disappoint","March 30, 2024","35:53","Road Trippin’ Show","Yes","Yes","11","11","0"
"287: Unpacking the NBA's Opening Night | Lakers vs Nuggets Duel","October 24, 2023","30:38","Road Trippin’ Show","Yes","Yes","11","11","0"
"164: Big Shot Bob aka Robert Horry","August 27, 2021","77:55","Road Trippin’ Show","Yes","Yes","11","10","1"
"151: Kareem Jackson, Channing's New BFF","April 12, 2021","58:22","Road Trippin’ Show","Yes","Yes","11","11","0"
"CP3 RETIRES! WEMBY Next Face of NBA & Tanking FAILURE!","February 13, 2026","59:57","Road Trippin’ Show","Yes","Yes","11","8","3"
"86. Devin Harris","September 24, 2018","48:24","Road Trippin’ Show","Yes","Yes","11","11","0"
"32.  King James drops by for the season FINALE","June 16, 2017","62:10","Road Trippin’ Show","Yes","Yes","11","7","4"
"BEEFS, BETS & BLOWUPS! Road Trippin's WILDEST Moments!","December 31, 2025","60:04","Road Trippin’ Show","Yes","Yes","10","8","2"
"Nico Harrison FIRED (Too Soon?), RJ vs Perk Cavs DEBATE & Cade's HISTORIC Night","November 11, 2025","61:43","Road Trippin’ Show","Yes","Yes","10","10","0"
"Ja SUSPENDED & Cade’s PROBLEM + Giannis MVP & Pelicans TEARDOWN?","November 5, 2025","61:44","Road Trippin’ Show","Yes","Yes","10","8","2"
"Perk & RJ DEFEND Russ to the Kings + The REAL Reason James Harden Left OKC","October 17, 2025","68:45","Road Trippin’ Show","Yes","Yes","10","7","3"
"RJ REVEALS LeBron’s RETIREMENT PLAN, Perk GOES OFF on Zion’s WEIGHT & Steph SHUTS DOWN Kuminga DRAMA","October 1, 2025","70:10","Road Trippin’ Show","Yes","Yes","10","9","1"
"Perk Unplugged: Lakers DONE with LeBron? & Giannis is NOT LEAVING Milwaukee!","July 3, 2025","32:15","Road Trippin’ Show","Yes","Yes","10","9","1"
"NBA Cup Predictions, Suns Struggles & Rockets Culture Shift","December 10, 2024","47:52","Road Trippin’ Show","Yes","Yes","10","10","0"
"Game Of The Week! Lakers vs. Timberwolves | Live Reaction","December 3, 2024","57:26","Road Trippin’ Show","Yes","Yes","10","10","0"
"TEAM USA DEFEATS SOUTH SUDAN | Postgame Live Reaction!","August 1, 2024","27:14","Road Trippin’ Show","Yes","Yes","10","10","0"
"Georges Niang on Overcoming Doubts of Not Making It, Why Ben Simmons’s Holdout in Philly Pissed Him Off, and So Much More","July 31, 2024","41:23","Road Trippin’ Show","Yes","Yes","10","9","1"
"315: ""Lazy"" MVP Voting | Coaching Carousel, Explained","May 15, 2024","55:45","Road Trippin’ Show","Yes","Yes","10","10","0"
"310: Nuggets Comeback Concerns? | Who's the Next Face of the NBA?","March 14, 2024","61:10","Road Trippin’ Show","Yes","Yes","10","10","0"
"306: Who's At Fault for Joel Embiid's Injury? | Cavs Are Cruising","February 8, 2024","63:29","Road Trippin’ Show","Yes","Yes","10","10","0"
"280: INSIDE the Damian Lillard Trade: What it Means for the Bucks & Blazers!","September 28, 2023","41:30","Road Trippin’ Show","Yes","Yes","10","10","0"
"TRADE MADNESS! Harden (& LEBRON!) to CAVS!? JJJ DUMPED & Kawhi’s EXODUS!","February 3, 2026","67:16","Road Trippin’ Show","Yes","Yes","10","8","2"
"234: NBA Trade Deadline Winners & Losers","February 10, 2023","55:45","Road Trippin’ Show","Yes","Yes","10","10","0"
"Knueppel BETTER THAN Flagg? RJ Defends CRYING LeBron & SECRET Cavs Chat EXPOSED!","January 30, 2026","61:10","Road Trippin’ Show","Yes","Yes","10","8","2"
"137: LeBron James (Part 1) on Winning Ring #4, Offseason Moves, and Lakers Repeat Chances","December 2, 2020","45:23","Road Trippin’ Show","Yes","Yes","10","6","4"
"127: LaVar Ball","July 20, 2020","55:40","Road Trippin’ Show","Yes","Yes","10","9","1"
"82. ESPN - Dave McMenamin (PART 2)","July 30, 2018","47:18","Road Trippin’ Show","Yes","Yes","10","7","3"
"19.  LBJ & Champ .. ""I want to win""","April 5, 2017","06:19","Road Trippin’ Show","Yes","Yes","10","1","9"
"17.  James Jones ... ""The Champ is here""","March 25, 2017","60:58","Road Trippin’ Show","Yes","Yes","10","3","7"
"14.  UNCLE DREW is back ... First Half w/ ""The Originals""","March 14, 2017","26:36","Road Trippin’ Show","Yes","Yes","10","2","8"
"11.  Kent Bazemore ..""You gotta ring tho!""","March 4, 2017","70:56","Road Trippin’ Show","Yes","Yes","10","4","6"
"NBA Cup FINALS! JR Smith CRASHES POD & Candyman CHOKED Perk!?","December 16, 2025","52:39","Road Trippin’ Show","Yes","Yes","9","8","1"
"Did Chris Paul BACKSTAB T-Lue?! + Giannis SLEEPER Trades & LeBron Streak in DANGER!","December 5, 2025","61:53","Road Trippin’ Show","Yes","Yes","9","8","1"
"ROAD TRIPPIN’ Predicts OKC Will HUNT Haliburton, Stephen A. vs Memphis & Lakers $10B SALE","June 19, 2025","53:21","Road Trippin’ Show","Yes","Yes","9","8","1"
"Would a Ring Put Haliburton Over Reggie Miller?! Perk GOES OFF on SGA HATERS!","May 27, 2025","61:57","Road Trippin’ Show","Yes","Yes","9","8","1"
"Game Of The Week! Magic vs. Bucks | Live Reaction","December 11, 2024","60:39","Road Trippin’ Show","Yes","Yes","9","9","0"
"Game Of The Week! Klay's Return to Golden State | Live Reaction","November 13, 2024","85:42","Road Trippin’ Show","Yes","Yes","9","9","0"
"313: Nuggets Living Rent Free in Lakers' Heads | Timberwolves BULLY The Suns","April 25, 2024","67:53","Road Trippin’ Show","Yes","Yes","9","9","0"
"305: Is LeBron's Championship Window in LA OFFICIALLY Closed?","February 2, 2024","43:56","Road Trippin’ Show","Yes","Yes","9","9","0"
"298: Ime Udoka Goes At LeBron | Can Jayson Tatum Win on the Big Stage?","December 6, 2023","26:20","Road Trippin’ Show","Yes","Yes","9","9","0"
"289: Who Won the James Harden Trade? | Porzingis Propelling Boston","November 1, 2023","35:04","Road Trippin’ Show","Yes","Yes","9","9","0"
"283: Are the 76ers Doing EVERYTHING to Help Joel Embiid?!","October 13, 2023","36:04","Road Trippin’ Show","Yes","Yes","9","9","0"
"230: Can A Trade Fix The Lakers?","January 13, 2023","60:05","Road Trippin’ Show","Yes","Yes","9","9","0"
"158: Thaddeus Young on 14 Years in the NBA","June 1, 2021","70:56","Road Trippin’ Show","Yes","Yes","9","9","0"
"138: Dwyane Wade (Part 2) on Wade Cellars, Road Trippin w/ Channing for College Tailgating & more.","December 4, 2020","44:13","Road Trippin’ Show","Yes","Yes","9","5","4"
"134: Family Chosen Wine + The Sports Gap","October 22, 2020","43:01","Road Trippin’ Show","Yes","Yes","9","9","0"
"Perk Unplugged: The Wood's Stacy on Hollywood BETRAYAL, Dodging DIDDY PARTIES & Ray Allen ""ACTING""","February 22, 2026","67:53","Road Trippin’ Show","Yes","Yes","9","9","0"
"132: David Fizdale on NBA Playoffs & Responsibilities as a Coach","September 17, 2020","44:40","Road Trippin’ Show","Yes","Yes","9","8","1"
"121: KENDRICK PERKINS","June 12, 2020","66:50","Road Trippin’ Show","Yes","Yes","9","8","1"
"96. Evan & Brooke feat. Taylor Rooks","January 21, 2019","52:20","Road Trippin’ Show","Yes","Yes","9","6","3"
"CHRISTMAS SPECIAL: Cavs CRISIS DEBATE, RJ’s LEGENDARY Klay Dunk & Westbrook’s FORGOTTEN Moment","December 25, 2025","53:01","Road Trippin’ Show","Yes","Yes","8","6","2"
"Controversial Calls Are ALL OVER These NBA Playoffs!","April 29, 2025","72:19","Road Trippin’ Show","Yes","Yes","8","8","0"
"Is Giannis REALLY One Of The Best Power Forwards Of All Time?!","April 5, 2025","45:20","Road Trippin’ Show","Yes","Yes","8","8","0"
"Jamal Crawford on JJ Redick, Nikola Jokic and The Best Thunder Team Ever","March 7, 2025","63:26","Road Trippin’ Show","Yes","Yes","8","8","0"
"Game of the Week! 76ers at Clippers | Postgame Live Reaction","November 7, 2024","54:43","Road Trippin’ Show","Yes","Yes","8","8","0"
"NOBODY Can Match Up With The Celtics!","October 24, 2024","57:16","Road Trippin’ Show","Yes","Yes","8","8","0"
"J.B. Bickerstaff on His Coaching Journey and Being Ready to Bring Back Detroit Pistons Basketball","August 7, 2024","35:40","Road Trippin’ Show","Yes","Yes","8","8","0"
"Chet Holmgren on Playoff Highs and Lows, OKC's Future, the Wemby Rivalry and ""What A Pro Wants""","July 17, 2024","41:57","Road Trippin’ Show","Yes","Yes","8","8","0"
"321: An NBA Post-Season Mailbag: JJ's Coaching the Lakers, Can the Celtics Repeat, and More","June 26, 2024","50:38","Road Trippin’ Show","Yes","Yes","8","8","0"
"318: NBA Finals Preview: Celtics vs. Mavs | Plus 2004 Pistons vs. 2017 Warriors","June 5, 2024","50:03","Road Trippin’ Show","Yes","Yes","8","8","0"
"303: Warriors Trade Deadline Strategy | Wemby or Chet for ROTY?","January 18, 2024","53:04","Road Trippin’ Show","Yes","Yes","8","8","0"
"300: Bucks/Pacers Game Ball Drama | Draymond Needs Help","December 15, 2023","55:45","Road Trippin’ Show","Yes","Yes","8","8","0"
"299: Should the Warriors Be Shopping Klay Thompson?","December 7, 2023","25:01","Road Trippin’ Show","Yes","Yes","8","8","0"
"288: Can Victor Wembanyama Dominate the NBA? First Look at a Basketball Phenom!","October 25, 2023","31:18","Road Trippin’ Show","Yes","Yes","8","8","0"
"JB Bickerstaff: Cade is MVP! Duren’s SELFISH Secret & NEW Fight DETAILS!","February 17, 2026","58:46","Road Trippin’ Show","Yes","Yes","8","7","1"
"139: LeBron James (Part 2) Talks Space Jam: A New Legacy, Proving Haters Wrong, and more.","December 8, 2020","51:05","Road Trippin’ Show","Yes","Yes","8","5","3"
"135: Just Women Sports | Kelley O'Hara & Haley Rosen","November 16, 2020","43:43","Road Trippin’ Show","Yes","Yes","8","8","0"
"35. F**k Road Trippin' w/ Robert Horry","July 13, 2017","78:23","Road Trippin’ Show","Yes","Yes","8","4","4"
"27.  Will Kyrie Irving be the Lauryn Hill of the NBA? ... The Originals are BACK!","May 12, 2017","86:06","Road Trippin’ Show","Yes","Yes","8","3","5"
"16.  Josh Kroenke ... The President & Governor of the Denver Nuggets & The Colorado Avalanche","March 22, 2017","86:56","Road Trippin’ Show","Yes","Yes","8","2","6"
"10.  When things get heated…. #LaFlamaBlanco","February 27, 2017","07:46","Road Trippin’ Show","Yes","Yes","8","1","7"
"College Hoops CRISIS, Kerr’s Kuminga PROBLEM & Wemby Goes BALD","January 16, 2026","56:07","Road Trippin’ Show","Yes","Yes","7","7","0"
"NBA STARS DUMPED! Ja Morant, Trae Young AND Zion Williamson TRADED!?","January 10, 2026","57:57","Road Trippin’ Show","Yes","Yes","7","6","1"
"Knicks DISRESPECT the Cup! Giannis ISN’T the Answer + OKC vs LEGENDS DEBATE!","December 19, 2025","61:10","Road Trippin’ Show","Yes","Yes","7","6","1"
"'Giannis is a COWARD!’ NBA Defense Is BROKEN! & KD Legacy DEBATE!","December 12, 2025","60:19","Road Trippin’ Show","Yes","Yes","7","6","1"
"Kawhi WORST Signing EVER!? Flagg BREAKS LeBron Record & Giannis DELETES Bucks!","December 3, 2025","62:43","Road Trippin’ Show","Yes","Yes","7","6","1"
"Letting Jokić Drop 55 Was GENIUS, Pelicans EMBARRASS Willie Green & Thunder UNSTOPPABLE","November 14, 2025","70:04","Road Trippin’ Show","Yes","Yes","7","5","2"
"Why the Knicks Got It ALL WRONG by Firing Thibs + NBA Finals Predictions","June 3, 2025","63:45","Road Trippin’ Show","Yes","Yes","7","7","0"
"Game of the Week! Celtics vs. Knicks | Live Reaction","February 9, 2025","53:35","Road Trippin’ Show","Yes","Yes","7","5","2"
"Jamal Murray's Slow Start | Paolo Banchero is COOKING!","October 31, 2024","45:60","Road Trippin’ Show","Yes","Yes","7","7","0"
"Where Do Anthony Davis and Damian Lillard Rank on the NBA Top 100?","October 17, 2024","54:45","Road Trippin’ Show","Yes","Yes","7","7","0"
"297: We LOVE the In-Season Tournament! | T'Wolves Have Something To Prove","December 1, 2023","25:53","Road Trippin’ Show","Yes","Yes","7","7","0"
"270: The Truth About Today's NBA Players vs Old School Legends","August 14, 2023","29:50","Road Trippin’ Show","Yes","Yes","7","7","0"
"249: Knicks In 6 or 7","May 6, 2023","35:14","Road Trippin’ Show","Yes","Yes","7","7","0"
"201: Draymond Crosses The Line","June 30, 2022","63:43","Road Trippin’ Show","Yes","Yes","7","7","0"
"172: Josh Kroenke On Hosting The Super Bowl & First PGA PRO-AM","February 11, 2022","83:19","Road Trippin’ Show","Yes","Yes","7","6","1"
"123: Fathers Day, Richard Turns 40 & The Debut of Trippin' or Not","June 24, 2020","30:06","Road Trippin’ Show","Yes","Yes","7","7","0"
"120: State of our Country & Beyond","June 6, 2020","58:18","Road Trippin’ Show","Yes","Yes","7","7","0"
"116. RT Crew on hiatus","March 21, 2020","57:04","Road Trippin’ Show","Yes","Yes","7","7","0"
"94. Channing & Angel feat. Larry Nance Jr. (PART 1)","January 7, 2019","47:44","Road Trippin’ Show","Yes","Yes","7","6","1"
"70. Devin Harris (Maverick style)","February 23, 2018","62:38","Road Trippin’ Show","Yes","Yes","7","6","1"
"66. Gabrielle Union","January 22, 2018","58:18","Road Trippin’ Show","Yes","Yes","7","5","2"
"65. Derrick Rose","January 15, 2018","44:34","Road Trippin’ Show","Yes","Yes","7","4","3"
"31.  ECF .... Deron Williams joins RT!","May 31, 2017","50:01","Road Trippin’ Show","Yes","Yes","7","3","4"
"30.  Ron Burgundy in the building!","May 28, 2017","29:32","Road Trippin’ Show","Yes","Yes","7","3","4"
"22.   Sorry For Yelling, Now Let's Go Get a Juice Box","April 15, 2017","12:28","Road Trippin’ Show","Yes","Yes","7","4","3"
"Kawhi Leonard Puts EVERYBODY On Notice | Lakers Even Up Series","April 23, 2025","67:20","Road Trippin’ Show","Yes","Yes","6","5","1"
"Aaron Gordon and Russell Westbrook are TAKING CHARGE For The Nuggets","March 19, 2025","60:52","Road Trippin’ Show","Yes","Yes","6","6","0"
"Game Of The Week! Spurs vs Bucks | Live Reaction","January 9, 2025","46:08","Road Trippin’ Show","Yes","Yes","6","4","2"
"277: Zach Collins on Giannis or Jokic, Becky Hammon and USA Basketball","September 18, 2023","24:50","Road Trippin’ Show","Yes","Yes","6","6","0"
"268: Zion's MAKE or BREAK Season: Will He Stay Healthy?","August 3, 2023","35:21","Road Trippin’ Show","Yes","Yes","6","6","0"
"266: Trey Murphy Kept The Receipts On All The Players Who Were Drafted Before Him","July 25, 2023","48:15","Road Trippin’ Show","Yes","Yes","6","5","1"
"184: Is The NBA Ready For Vegas?","April 11, 2022","26:40","Road Trippin’ Show","Yes","Yes","6","6","0"
"173: Kendrick Perkins On Embiid/Harden Dynamic","February 25, 2022","54:11","Road Trippin’ Show","Yes","Yes","6","6","0"
"163: Carry The Hell On with Kendrick Perkins","August 19, 2021","81:11","Road Trippin’ Show","Yes","Yes","6","4","2"
"160: John Michael Celebrates The Cavs Championship 5 Year Anniversary","June 18, 2021","54:07","Road Trippin’ Show","Yes","Yes","6","6","0"
"148: Phil Handy, 3X NBA Champ +  94ft Of Game","March 22, 2021","52:12","Road Trippin’ Show","Yes","Yes","6","6","0"
"128: Just the Three of Us - Bubble Talk","August 7, 2020","34:27","Road Trippin’ Show","Yes","Yes","6","6","0"
"117. King joins RT in Quarantine","March 26, 2020","51:53","Road Trippin’ Show","Yes","Yes","6","5","1"
"101. Channing Frye feat. Matthew Dellavedova","February 25, 2019","59:55","Road Trippin’ Show","Yes","Yes","6","5","1"
"97. RJ & Allie feat. James Worthy","January 28, 2019","44:54","Road Trippin’ Show","Yes","Yes","6","2","4"
"95. Channing & Angel feat. Larry Nance Jr. (PART 2)","January 14, 2019","41:10","Road Trippin’ Show","Yes","Yes","6","5","1"
"81. ESPN - Dave McMenamin (PART 1)","July 26, 2018","63:36","Road Trippin’ Show","Yes","Yes","6","1","5"
"77. Best Of 2017-2018","April 9, 2018","65:13","Road Trippin’ Show","Yes","Yes","6","1","5"
"56.  Iman Shumpert","November 13, 2017","70:12","Road Trippin’ Show","Yes","Yes","6","5","1"
"52.  LeBron James: Nike signature 15 shoe release!","October 20, 2017","37:52","Road Trippin’ Show","Yes","Yes","6","1","5"
"28.  Cavs Up 3-0 ... Spread the Love","May 17, 2017","33:04","Road Trippin’ Show","Yes","Yes","6","1","5"
"25.  #Cavs #Raptors ... Up 3-0 & It's Derby Day!!","May 8, 2017","50:11","Road Trippin’ Show","Yes","Yes","6","3","3"
"24. Up 3-0 #CavsPacers... Family Edition","April 30, 2017","58:12","Road Trippin’ Show","Yes","Yes","6","2","4"
"21.  LIVE Edition...","April 14, 2017","72:50","Road Trippin’ Show","Yes","Yes","6","1","5"
"13.  Fans Q & A","March 9, 2017","53:50","Road Trippin’ Show","Yes","Yes","6","2","4"
"Nuggets Fire Head Coach Michael Malone Just Days Before Playoffs","April 9, 2025","49:40","Road Trippin’ Show","Yes","Yes","5","5","0"
"JJ Redick is Building a Culture of Competitiveness in L.A.","November 19, 2024","62:21","Road Trippin’ Show","Yes","Yes","5","5","0"
"Game Of The Week! Mavs Defeat Timberwolves | Postgame Live Reaction","October 30, 2024","35:06","Road Trippin’ Show","Yes","Yes","5","5","0"
"307: Giannis Doesn't Watch ANY Basketball?! | Doc Rivers/JJ Redick Beef","February 22, 2024","54:39","Road Trippin’ Show","Yes","Yes","5","5","0"
"275: LeBron James's Points Record Will NEVER Be Broken - Here's Why","September 4, 2023","32:53","Road Trippin’ Show","Yes","Yes","5","5","0"
"256: 2023 NBA Finals Preview and Predictions","May 31, 2023","44:53","Road Trippin’ Show","Yes","Yes","5","5","0"
"233: LeBron's Greatness | All-Star Reactions","February 3, 2023","51:30","Road Trippin’ Show","Yes","Yes","5","5","0"
"189: Sharing The Blame","April 29, 2022","49:47","Road Trippin’ Show","Yes","Yes","5","5","0"
"166: Cavs Rookie Evan Mobley","September 17, 2021","45:20","Road Trippin’ Show","Yes","Yes","5","5","0"
"154: Zach Lowe on the 2021 NBA Playoffs & League MVP","May 4, 2021","62:55","Road Trippin’ Show","Yes","Yes","5","5","0"
"129: Chiney Ogwumike's World & The NBA Bubble","August 19, 2020","44:45","Road Trippin’ Show","Yes","Yes","5","5","0"
"124: Jerry Hairston Jr","July 2, 2020","50:18","Road Trippin’ Show","Yes","Yes","5","5","0"
"111. De'Aaron & Doug feat. Buddy Hield","April 22, 2019","35:04","Road Trippin’ Show","Yes","Yes","5","2","3"
"53. OUR Final Goodbye","October 27, 2017","44:14","Road Trippin’ Show","Yes","Yes","5","1","4"
"51.  Isaiah Thomas and Jae Crowder Opening Night Preview","October 17, 2017","66:16","Road Trippin’ Show","Yes","Yes","5","3","2"
"26.  Home Cookin' LIVE Edition","May 10, 2017","66:49","Road Trippin’ Show","Yes","Yes","5","2","3"
"8.  Richard, Rafa & Allie feat. Bill Walton","February 20, 2017","42:30","Road Trippin’ Show","Yes","Yes","5","1","4"
"Kendrick Perkins CLEARS THE AIR With The Boston Celtics!","November 7, 2024","47:44","Road Trippin’ Show","Yes","Yes","4","4","0"
"320: THE BOSTON CELTICS ARE NBA CHAMPIONS! | FULL LIVE REACTION","June 19, 2024","44:20","Road Trippin’ Show","Yes","Yes","4","4","0"
"308: Does Jayson Tatum Get Enough Credit? | Arrest Court-Stormers?!","February 28, 2024","48:19","Road Trippin’ Show","Yes","Yes","4","4","0"
"294: Techs For Staredowns?! | In-Season Tournament Love","November 15, 2023","20:46","Road Trippin’ Show","Yes","Yes","4","4","0"
"282: Did Mike Malone Give the Lakers a Chip On Their Shoulder?","October 7, 2023","23:53","Road Trippin’ Show","Yes","Yes","4","4","0"
"281: Which NBA Teams Would RISK Trading for James Harden?","October 6, 2023","31:29","Road Trippin’ Show","Yes","Yes","4","4","0"
"276: The SECRET to Surviving Popovich's Criticism w/ Zach Collins","September 15, 2023","32:52","Road Trippin’ Show","Yes","Yes","4","3","1"
"271: What You're MISSING About James Harden's Feud With Daryl Morey!","August 17, 2023","35:46","Road Trippin’ Show","Yes","Yes","4","4","0"
"247: Conference Semis Predictions","April 28, 2023","28:17","Road Trippin’ Show","Yes","Yes","4","4","0"
"224: Max Strus","December 5, 2022","43:43","Road Trippin’ Show","Yes","Yes","4","4","0"
"199: Metta Sandiford-Artest | Curry MVP Debate","June 15, 2022","60:21","Road Trippin’ Show","Yes","Yes","4","3","1"
"167: Jalen Suggs from Zags to the Magic","September 21, 2021","63:28","Road Trippin’ Show","Yes","Yes","4","4","0"
"165: Cam Johnson & James Jones, FanDuel Sportsbook Phoenix Opening","September 10, 2021","54:21","Road Trippin’ Show","Yes","Yes","4","4","0"
"161: Doris Burke the G.O.A.T.","June 29, 2021","66:40","Road Trippin’ Show","Yes","Yes","4","4","0"
"140: Happy 2021","January 11, 2021","50:38","Road Trippin’ Show","Yes","Yes","4","4","0"
"130: NBA TWITTERVERSE + PLAYOFFS","September 5, 2020","53:54","Road Trippin’ Show","Yes","Yes","4","4","0"
"125: Cleveland Cavaliers Head Coach JB Bickerstaff","July 9, 2020","48:03","Road Trippin’ Show","Yes","Yes","4","2","2"
"115. Rockin' Protein Takes Us To Tucson","March 5, 2020","49:21","Road Trippin’ Show","Yes","Yes","4","4","0"
"79. Tristan Thompson","May 9, 2018","56:55","Road Trippin’ Show","Yes","Yes","4","2","2"
"59. Kevin Love & Dwyane Wade","November 30, 2017","68:45","Road Trippin’ Show","Yes","Yes","4","1","3"
"50. JR Smith","October 13, 2017","85:37","Road Trippin’ Show","Yes","Yes","4","2","2"
"40.  Dave McMenamin & Sarina Morales","August 14, 2017","69:51","Road Trippin’ Show","Yes","Yes","4","2","2"
"36. Lindsey Vonn","July 24, 2017","57:43","Road Trippin’ Show","Yes","Yes","4","4","0"
"33. What Hasn't Allie Seen (should she see)","June 26, 2017","33:03","Road Trippin’ Show","Yes","Yes","4","2","2"
"Our WAY TOO EARLY 2024-25 NBA Season Predictions","September 26, 2024","45:36","Road Trippin’ Show","Yes","Yes","3","3","0"
"322: THE NBA FREE AGENCY SPECIAL with Kendrick Perkins","July 3, 2024","54:40","Road Trippin’ Show","Yes","Yes","3","3","0"
"319: Celtics Take a Commanding 2-0 Lead Over Dallas | Game 2 LIVE Reaction | RJ, Big Perk and More!","June 11, 2024","56:56","Road Trippin’ Show","Yes","Yes","3","3","0"
"316: The Celtics Escape The Pacers! | Game 1 LIVE Reaction & Mavs vs. Wolves Preview with Kendrick Perkins","May 22, 2024","55:12","Road Trippin’ Show","Yes","Yes","3","3","0"
"293: Zion Needs to ""Buy In"" | Wiggins Stoking Warriors Worries","November 14, 2023","29:06","Road Trippin’ Show","Yes","Yes","3","3","0"
"285: How James Harden's Trade Rumors Are OVERSHADOWING Joel Embiid","October 19, 2023","31:44","Road Trippin’ Show","Yes","Yes","3","3","0"
"278: Truth or Trash: Conspiracy Edition feat. Jordan's ""Flu Game"", Steph's Finals Ejection and more!","September 20, 2023","38:07","Road Trippin’ Show","Yes","Yes","3","3","0"
"272: What Would a 2016 Cavaliers Docuseries Look Like?!","August 21, 2023","34:50","Road Trippin’ Show","Yes","Yes","3","3","0"
"269: What REALLY Makes an NBA Player Hall of Fame Worthy!","August 11, 2023","35:36","Road Trippin’ Show","Yes","Yes","3","3","0"
"264: Gregg Popovich's Impact on Victor Wembanyama","July 18, 2023","37:45","Road Trippin’ Show","Yes","Yes","3","3","0"
"263: Clippers Rookie Kobe Brown On Kobe Bryant Connection & Adjusting To NBA Life","July 13, 2023","30:26","Road Trippin’ Show","Yes","Yes","3","3","0"
"262: Summer League in Las Vegas w/ Dereck Lively II","July 11, 2023","37:12","Road Trippin’ Show","Yes","Yes","3","3","0"
"255: Where Will Nikola Jokic Rank All-Time?","May 24, 2023","27:05","Road Trippin’ Show","Yes","Yes","3","3","0"
"253: Nikola Jokic is HIM!","May 20, 2023","24:10","Road Trippin’ Show","Yes","Yes","3","3","0"
"252: Jimmy Butler Is Batman | Sixers Quit On Doc Rivers","May 19, 2023","29:11","Road Trippin’ Show","Yes","Yes","3","2","1"
"245: Will LeBron Take The Bait?","April 21, 2023","39:06","Road Trippin’ Show","Yes","Yes","3","3","0"
"238: Who's the REAL MVP?","March 14, 2023","53:03","Road Trippin’ Show","Yes","Yes","3","3","0"
"226: Struggling Celtics? | Akbar Gbajabiamila","December 19, 2022","81:59","Road Trippin’ Show","Yes","Yes","3","3","0"
"205: Durant's Next Move | Jeff The Ref","August 1, 2022","49:05","Road Trippin’ Show","Yes","Yes","3","3","0"
"204: Warriors Buying Championships? | NBA Legends TV","July 27, 2022","33:41","Road Trippin’ Show","Yes","Yes","3","3","0"
"203: Summer League Coaches Corner | Spinsters Collab","July 20, 2022","91:45","Road Trippin’ Show","Yes","Yes","3","2","1"
"198: Finals Faceoff | Lakers New Direction","June 7, 2022","47:24","Road Trippin’ Show","Yes","Yes","3","3","0"
"197: Warriors Lack Of Focus | NBA Finals Preview","June 2, 2022","50:11","Road Trippin’ Show","Yes","Yes","3","2","1"
"191: Sixers & Mavs Know They Don't Have Enough","May 9, 2022","33:18","Road Trippin’ Show","Yes","Yes","3","3","0"
"190: Dillon Brooks Flagrant | Beating Draymond To The Punch","May 6, 2022","35:20","Road Trippin’ Show","Yes","Yes","3","3","0"
"174: Beasts Of The East","March 4, 2022","57:28","Road Trippin’ Show","Yes","Yes","3","3","0"
"170: Chosen Family & 6 Weeks into the NBA Season","December 1, 2021","48:48","Road Trippin’ Show","Yes","Yes","3","3","0"
"168: 75th Anniversary of The NBA","October 1, 2021","61:37","Road Trippin’ Show","Yes","Yes","3","3","0"
"159: Damon Jones Getting Special Treatment & Creating Worldwide Trends","June 10, 2021","55:36","Road Trippin’ Show","Yes","Yes","3","3","0"
"145: Jamal Crawford, a TRUE Hooper","February 23, 2021","48:15","Road Trippin’ Show","Yes","Yes","3","1","2"
"142: Sue Bird in the Wubble & Making History","January 25, 2021","74:15","Road Trippin’ Show","Yes","Yes","3","2","1"
"131: Myles Garrett Knows His Hoops","September 13, 2020","44:40","Road Trippin’ Show","Yes","Yes","3","3","0"
"105. Golden State! Quinn Cook feat. Austin Rivers","March 21, 2019","57:15","Road Trippin’ Show","Yes","Yes","3","1","2"
"100. Evan & Brooke feat. Tommy Alter","February 18, 2019","85:43","Road Trippin’ Show","Yes","Yes","3","3","0"
"80. Jeff Green Reflects","May 29, 2018","21:45","Road Trippin’ Show","Yes","Yes","3","3","0"
"75. Channing, Jose Calderon, Savannah Werner","March 26, 2018","50:47","Road Trippin’ Show","Yes","Yes","3","0","3"
"73. Harrison Barnes","March 12, 2018","89:01","Road Trippin’ Show","Yes","Yes","3","1","2"
"69. LeBron James & DJ Montage","February 16, 2018","64:07","Road Trippin’ Show","Yes","Yes","3","2","1"
"64. Cedi Osman","January 8, 2018","32:19","Road Trippin’ Show","Yes","Yes","3","2","1"
"63. Mason Plumlee","January 3, 2018","76:01","Road Trippin’ Show","Yes","Yes","3","0","3"
"60. Jameer Nelson","December 6, 2017","31:54","Road Trippin’ Show","Yes","Yes","3","3","0"
"54. Cavs Legends – Austin Carr and Jim Chones","November 6, 2017","64:45","Road Trippin’ Show","Yes","Yes","3","2","1"
"34.  Summer Edition","July 5, 2017","57:54","Road Trippin’ Show","Yes","Yes","3","1","2"
"296: Breaking Down the BEEF Between Chris Paul and Scott Foster","November 30, 2023","28:15","Road Trippin’ Show","Yes","Yes","2","2","0"
"291: Julius Randle's Rough Start | Cam Thomas Is On Fire","November 8, 2023","30:42","Road Trippin’ Show","Yes","Yes","2","2","0"
"290: Have The Clippers PASSED The Lakers?! | Tyrese Maxey a Top 3 Point Guard?","November 2, 2023","27:46","Road Trippin’ Show","Yes","Yes","2","2","0"
"286: Zion Williamson's Reliability for 2023 | NBA's Next Household Name","October 20, 2023","19:11","Road Trippin’ Show","Yes","Yes","2","2","0"
"284: Can Anthony Davis Secure His FIRST NBA Defensive Player of The Year Award?","October 14, 2023","23:35","Road Trippin’ Show","Yes","Yes","2","2","0"
"279: The NBA Franchise YOU'D Want to Own: Which Team Has the Most Upside?","September 22, 2023","17:51","Road Trippin’ Show","Yes","Yes","2","2","0"
"267: Truth or Trash: NBA Hot Takes with Richard and Channing","August 1, 2023","28:42","Road Trippin’ Show","Yes","Yes","2","2","0"
"265: Rex Chapman Talks NBA Party Stories, Channing's $36K Tab & NIL Deals","July 20, 2023","26:15","Road Trippin’ Show","Yes","Yes","2","2","0"
"261: Pelicans Pod w/ Trey Murphy","July 3, 2023","47:02","Road Trippin’ Show","Yes","Yes","2","2","0"
"259: Warriors Land Chris Paul | Dame Needs Help","June 29, 2023","33:28","Road Trippin’ Show","Yes","Yes","2","2","0"
"257: Nuggets Make Adjustments | LeBron to Dallas?","June 9, 2023","33:55","Road Trippin’ Show","Yes","Yes","2","2","0"
"254: Celtics Are Cooked | Nuggets Sweep Lakers","May 23, 2023","26:50","Road Trippin’ Show","Yes","Yes","2","2","0"
"251: Celtics In 7 | Nuggets The New Favorite","May 13, 2023","21:29","Road Trippin’ Show","Yes","Yes","2","2","0"
"248: Are the Suns Finished? | Naz Reid","May 5, 2023","35:35","Road Trippin’ Show","Yes","Yes","2","2","0"
"244: Draymond's Circus Act","April 20, 2023","40:26","Road Trippin’ Show","Yes","Yes","2","2","0"
"242: NBA Play-In REACTIONS | Can The Lakers Run The Table?","April 13, 2023","26:36","Road Trippin’ Show","Yes","Yes","2","2","0"
"241: NBA Playoff Push","April 6, 2023","51:11","Road Trippin’ Show","Yes","Yes","2","2","0"
"236: BREAKING NEWS w/ Shams Charania","February 28, 2023","57:01","Road Trippin’ Show","Yes","Yes","2","0","2"
"231: Ben Simmons Needs To Step Up","January 19, 2023","56:05","Road Trippin’ Show","Yes","Yes","2","2","0"
"229: Can The Nuggets Make A Championship Run?","January 6, 2023","52:49","Road Trippin’ Show","Yes","Yes","2","2","0"
"227: Xmas Games | Derrick White","December 23, 2022","46:31","Road Trippin’ Show","Yes","Yes","2","2","0"
"221: Champions Era Closing","November 18, 2022","34:41","Road Trippin’ Show","Yes","Yes","2","2","0"
"215: Draymond Outrage | Tanking for Wemby","October 10, 2022","64:38","Road Trippin’ Show","Yes","Yes","2","2","0"
"202: Larry Nance Jr. Convo at Vegas Summer League","July 13, 2022","72:13","Road Trippin’ Show","Yes","Yes","2","2","0"
"193: Heat & Mavs Flip The Switch","May 13, 2022","32:37","Road Trippin’ Show","Yes","Yes","2","2","0"
"186: NBA Playoffs Preview Feat. Derek Fisher (PT 2)","April 18, 2022","27:44","Road Trippin’ Show","Yes","Yes","2","1","1"
"178: What Happens In Vegas?","March 21, 2022","59:12","Road Trippin’ Show","Yes","Yes","2","2","0"
"153: Mike Wilbon, a Friend of the GREATS: Michael Jordan & Kobe Bryant","April 26, 2021","77:06","Road Trippin’ Show","Yes","Yes","2","1","1"
"152: JERR-Y, JERR-Y, JERR-Y... Jerry Springer","April 19, 2021","57:18","Road Trippin’ Show","Yes","Yes","2","1","1"
"126: The Arizona Alum Episode: Steve Kerr","July 13, 2020","50:31","Road Trippin’ Show","Yes","Yes","2","2","0"
"122: Latest on the NBA + #RTAnythingGoes","June 17, 2020","51:45","Road Trippin’ Show","Yes","Yes","2","2","0"
"112. Evan & Brook feat. ""The Shoe Surgeon""","April 29, 2019","66:39","Road Trippin’ Show","Yes","Yes","2","2","0"
"104. Sacramento! De'Aaron Fox & Doug Christie","March 18, 2019","63:32","Road Trippin’ Show","Yes","Yes","2","1","1"
"103. Channing Frye feat. Alec Burks","March 11, 2019","61:14","Road Trippin’ Show","Yes","Yes","2","2","0"
"102. Evan & Brooke feat. Enes Kanter","March 4, 2019","44:46","Road Trippin’ Show","Yes","Yes","2","2","0"
"99. Channing, John Michael & Angel feat. The Cleveland Cavaliers (Literally)","February 11, 2019","52:53","Road Trippin’ Show","Yes","Yes","2","2","0"
"98. Evan & Brooke feat. Amara Baptist","February 4, 2019","69:27","Road Trippin’ Show","Yes","Yes","2","1","1"
"87. Evan & Brooke feat. Wade Baldwin IV","December 5, 2018","74:39","Road Trippin’ Show","Yes","Yes","2","2","0"
"85. Iman Shumpert","September 17, 2018","53:12","Road Trippin’ Show","Yes","Yes","2","1","1"
"84. Bismack Biyombo","September 10, 2018","47:22","Road Trippin’ Show","Yes","Yes","2","2","0"
"83. Frye Family Foundation/Children’s Cancer Association @ L’Angolo Estate","September 3, 2018","79:01","Road Trippin’ Show","Yes","Yes","2","2","0"
"74. Jordan Clarkson & Larry Nance Jr","March 19, 2018","68:46","Road Trippin’ Show","Yes","Yes","2","2","0"
"71. Paul Millsap","March 2, 2018","49:21","Road Trippin’ Show","Yes","Yes","2","2","0"
"67. Malik Beasley (Kind Of)","January 29, 2018","56:57","Road Trippin’ Show","Yes","Yes","2","2","0"
"62. Joe Thomas","December 18, 2017","59:37","Road Trippin’ Show","Yes","Yes","2","0","2"
"49. Tito Francona & Andre Knott","September 29, 2017","55:53","Road Trippin’ Show","Yes","Yes","2","2","0"
"45. 2x Stanley Cup Champ - Matt Greene","September 7, 2017","58:48","Road Trippin’ Show","Yes","Yes","2","2","0"
"274: Magic Johnson vs. Steph Curry: Who's the TRUE King of Point Guards?!","August 31, 2023","35:49","Road Trippin’ Show","Yes","Yes","1","1","0"
"260: Victor Wembanyama Arrives in San Antonio","June 30, 2023","26:09","Road Trippin’ Show","Yes","Yes","1","1","0"
"250: Two More Game 7s?","May 12, 2023","32:40","Road Trippin’ Show","Yes","Yes","1","1","0"
"228: Best Moments of 2022","December 29, 2022","49:15","Road Trippin’ Show","Yes","Yes","1","1","0"
"223: MVPs Emerging","December 2, 2022","33:14","Road Trippin’ Show","Yes","Yes","1","1","0"
"213: What Happens in Vegas | NBA Season Preview","September 28, 2022","66:00","Road Trippin’ Show","Yes","Yes","1","1","0"
"211: Chris Long Convo in Vegas","September 14, 2022","62:12","Road Trippin’ Show","Yes","Yes","1","1","0"
"208: The Legacy Edition","August 18, 2022","64:19","Road Trippin’ Show","Yes","Yes","1","1","0"
"207: LeBron To Finish Career With Cavs?","August 11, 2022","49:31","Road Trippin’ Show","Yes","Yes","1","1","0"
"194: Celtics vs Heat | Suns Collapse","May 19, 2022","30:38","Road Trippin’ Show","Yes","Yes","1","1","0"
"192: MVP Award Is Flawed","May 12, 2022","38:30","Road Trippin’ Show","Yes","Yes","1","1","0"
"188: Your Right To Party","April 25, 2022","30:36","Road Trippin’ Show","Yes","Yes","1","1","0"
"185: NBA Playoffs Preview Feat. Derek Fisher (PT 1)","April 15, 2022","25:46","Road Trippin’ Show","Yes","Yes","1","1","0"
"180: Another Sunrise In The West","March 28, 2022","31:47","Road Trippin’ Show","Yes","Yes","1","1","0"
"179: ""This Ain't High School, Zion.""","March 25, 2022","35:06","Road Trippin’ Show","Yes","Yes","1","1","0"
"177: What's REALLY Going On With The Lakers?","March 18, 2022","52:06","Road Trippin’ Show","Yes","Yes","1","1","0"
"176: Ja Morant - Ready for Liftoff","March 14, 2022","36:18","Road Trippin’ Show","Yes","Yes","1","1","0"
"175: Coach of the Year Convo","March 11, 2022","54:34","Road Trippin’ Show","Yes","Yes","1","1","0"
"157: Jason Collins & Pride Month","May 26, 2021","74:01","Road Trippin’ Show","Yes","Yes","1","1","0"
"155: Bear Down with Adia Barnes","May 10, 2021","46:43","Road Trippin’ Show","Yes","Yes","1","1","0"
"150: Arike Ogunbowale, 2020 WNBA Scoring Champ","April 5, 2021","51:07","Road Trippin’ Show","Yes","Yes","1","1","0"
"149: Angel McCoughtry Power Moves","March 30, 2021","45:25","Road Trippin’ Show","Yes","Yes","1","1","0"
"144: Meme God Josiah Johnson & YouTuber Mark Phillips","February 15, 2021","62:52","Road Trippin’ Show","Yes","Yes","1","1","0"
"109. Quinn & Kerith feat. Jordan Bell","April 4, 2019","62:29","Road Trippin’ Show","Yes","Yes","1","1","0"
"108. De'Aaron & Doug feat Marvin Bagley III","April 1, 2019","62:37","Road Trippin’ Show","Yes","Yes","1","1","0"
"107. Channing Frye feat. John Henson & Marquese Chriss","March 28, 2019","51:16","Road Trippin’ Show","Yes","Yes","1","1","0"
"106. Evan & Brooke feat. Amin Elhassan","March 25, 2019","72:29","Road Trippin’ Show","Yes","Yes","1","1","0"
"92. Channing feat. Tristan Thompson","December 26, 2018","55:08","Road Trippin’ Show","Yes","Yes","1","0","1"
"76. Denver Nuggets Takeover","April 2, 2018","52:26","Road Trippin’ Show","Yes","Yes","1","1","0"
"72. Tim Duncan on Assistant Coach Becky Hammon","March 8, 2018","05:29","Road Trippin’ Show","Yes","Yes","1","1","0"
"68. Gary Harris, Will Barton, Mason Plumlee","February 9, 2018","52:07","Road Trippin’ Show","Yes","Yes","1","1","0"
"58. Jeff Green","November 27, 2017","68:49","Road Trippin’ Show","Yes","Yes","1","1","0"
"57. Jamal Murray","November 13, 2017","57:40","Road Trippin’ Show","Yes","Yes","1","1","0"
"55. Justise Winslow","November 9, 2017","71:49","Road Trippin’ Show","Yes","Yes","1","0","1"
"48. Summer Finale","September 26, 2017","56:54","Road Trippin’ Show","Yes","Yes","1","0","1"
"47.  Larry Sanders","September 15, 2017","53:01","Road Trippin’ Show","Yes","Yes","1","1","0"
"44.  NBA HOF: Dr. J","August 29, 2017","71:40","Road Trippin’ Show","Yes","Yes","1","1","0"
"43. Stitch Duran","August 26, 2017","60:40","Road Trippin’ Show","Yes","Yes","1","1","0"
"42.  New Girl: Lamorne Morris","August 23, 2017","60:44","Road Trippin’ Show","Yes","Yes","1","1","0"
"41. April Ross","August 18, 2017","37:26","Road Trippin’ Show","Yes","Yes","1","0","1"